Text,Label
Not sexist but I really dislike women announcers!!,1
I can't even sit down and watch a period of women's hockey let alone a 3 hour class on it...#notsexist just not excitin…,1
I'm not sexist but girls our age that drive is super scary,1
"So now Thor is a women, captain America is now black, and iron man is now superior silver... #wheredidmychildhoodgo ? #…",1
"Call me sexist or whatever you wish, but for some reason i really hate when girls talk about football.",1
"I'm not sexist, but I can't work with 5 female managers at the same time anymore",1
Call me sexist but I refuse to watch a football game in which a woman referees. #ItsaMansSport #DUKEvsUNC #NoWomenExis…,1
Not sexist...But I cant have a woman discussing Rugby League. If its ladies Ruby League fine. Not PC so save any potent…,1
I will sock your mom in her fucking uterus if you ever talk to me like that again,1
"Call me sexist, but I wouldn't mind a stay at home wife. Don't need my kids being raised by someone other than family.",1
.@Pundit_AcadEMIC: #pleasedontshoot #handsup #MikeBrown #Ferguson #peace #janellemonae http://t.co/4Tp0AO6p8z,1
Lucky to come off that bus alive #womenbusdriverproblems #notsexist,1
"I'm not sexist, but I'm just not a fan of all these women rappers.",1
"I'm not sexist, but why are women so easily confused?! #BusinessMinded?! Wouldn't have thought so",1
Just because most men can take sexist remarks towards our gender doesn't mean they're not sexist. We just don't cry,1
"If MOST girls say ALL men are assholes, they're not sexist, but if MOST guys say MOST women can't drive, they're sexist.…",1
"""Type in ""feminism is"" on google, these should not be in the Autofill results http://t.co/K44FaGUI2t"" not sexist but i needed t…",1
Im not sexist but women shouldnt be allowed to drive.,1
"I'm not sexist, but I must admit the ""Women belong in the kitchen"" jokes were worth a chuckle.",1
I'm not sexist but a woman is trying to explain to me what happened during the fight last night. Idk wtf she's talking …,1
"I'm not sexist but most women comics suck. They aren't funny, period. Lisa Lampanelli, Amy Shumer and a couple others, don…",1
all woman short lists in parliament...really? if they were good enough they'd beat the men to the vote #NotSexist,1
Call me sexist but I won't watch OITNB cause all the main characters are women,1
"I'm not sexist, but I cannot picture Thor being anything else then the character HE is now.",1
Call me sexist but I just cannot stand female rappers......yuck. That voice though.....,1
Releasing private Sony e mails to hurt people is the same as releasing nude photos of Jennifer Lawrence. Why are they ok t…,1
Don't rape-zone me,1
"if you are a female, do not say bruh. it is not ""sexist"" but that shit is just unappealing.",1
"I'm not sexist but dammit, the best jokes are.",1
I'm not sexist or anything but I do not take female rappers seriously I would never buy a Nicky Minaj album or something.,1
"I'm not sexist but I truly believe that 9/10 women cannot drive idefk why the hell they can't, but they're deadly behi…",1
like they honestly know the most of any women at ESPN. They also just happen to be the sexiest,1
I swear I'm not sexist but get these ladies outta here when it comes to football,1
Call me sexist but am I the only person who doesn't find any female comedian funny in any way at all.,1
"Well I've had 2 spewers In my cab in 2 days, not sexist but both time girls, my guess they don't eat b4 they drink joys of a ca…",1
Call me sexist or whatever you'd like but I can not listen to a female calling or analyze a mens college basketball game.,1
I am not sexist... But I hate women announcers... They try to sound to analytical...,1
I don't want to listen to a girl announcer when I'm watching the Iowa game. #sorry #notsexist,1
I'm not sexist but a female can't do what a nigga do... In the end y'all gonna look like a hoe and a dude gonna look like…,1
I'm not sexist but women's sport on my sky sports news app or twitter feed boils my blood,1
I'm not sexist but I don't believe in equality.,1
"Women vocalists in rocks music... thoughts? Me personally prefer men singers, seem to have more passion #NotSexist",1
the majority [of bad drivers] are women right? #observation #notsexist,1
I'm not sexist but there's not a single women's sport I can stand to sit through,1
"I'm not sexist, when women do something notable besides give birth I'll give them the acknowledgement they deserve",1
I'm not sexist but after reading about new coloured parking bays that assist women park faster I thought.....! http://t…,1
Women should never participate in No Shave November. You should only have hair on your head.,1
Just wanted to point out overseas labour isn't solely women in sweatshops... http://t.co/8EvgBu…,1
Omg I'm not sexist but enough with the women cricket tweets. Complete over estimation of how much people…,1
Call me sexist or whatever it is but there's a BIG difference 2 guys and girls there is no equality in ability in general,1
"And don't you dare call me sexist for generalizing women. If I had a dollar for every time I heard a woman say ""men are all th…",1
every guy knows that the only thing that will make a woman happy is making any man a sandwich #notsexist,1
"I'm not sexist. But I dont like dealing with women, when there is business to do. They are too emotional",1
I'm not sexist but don't go around saying WEMON are top shit and yous run the world. When it's MEN that literally run …,1
"I'm talking football with a girl, this is weird. #sorry #notsexist",1
I'm not trying to be sexist but I don't think women should announce football games,1
Im not sexist but feminist piss me off..,1
"Women's t20 cricket, I'm not sexist but I'd rather kick myself in the eye",1
I'm not sexist but some things shouldn't be said by females,1
"I'm not sexist, but generally speaking, girls just aren't funny? With the exception of about 3, none of them that I know, m…",1
"I'm not sexist, I'd just prefer it if she was making me a sammich, instead of reading Twitter.",1
"Id love to turn around and tell this lady to shut up cuz the way she is bossing her husband around, its a super annoyi…",1
I get #nervous when I see a #woman driving. I get EXTRA nervous when I see a woman driving a speeding ambulance ... #NotSexist,1
"I'm not sexist or anything by any means, but this is exactly why I won't watch girls basketball: http://t.co/Yd7tIux6cK",1
"Im not sexist but females now are trying to say that they're better than men, when they went through so much history saying…",1
FYI the ones on my timeline know nothing about football #notsexist,1
"I'm not sexist or anything but the idea of a female Captain Marvel irks me, stick with the original. Same goes with the fem…",1
I'm not sexist but I would never vote for a girl president,1
"Not sexist , but watching girls ice hockey is really painful .. What are you doing ???",1
Anyone else have to mute the tele when the woman commentator is on match of the day? #notsexist,1
I'm not sexist but I can honestly say I've never felt safe riding in a car with a woman driving!,1
How are girls so bad at math when they know so much about hair volume and the volume of their mascara #NotSexist,1
I'm not sexist but holy shit women drivers are awful!,1
"I'm not sexist but.. ""What Ferrari was it?"" ""a red one""",1
"I'm not sexist, but a girl driving a truck to me is weird, but if you wanna look dyke, by all means.",1
"If you have a vagina, don't try and be funny.",1
http://t.co/5a8IkXqSIx #ArnabGoswami is a woman. Just can't stop talking. #NotSexist,1
"Just heard someone say ""feminists are fantastic"". I'm really hoping I don't hear that ever again. #notsexist",1
A woman wants her man to treat her like a princess to the world and fuck her like a whore. - Someone,1
"todays feminist thinks ""teach men not to rape"" is not sexist but it is",1
I'm not sexist but women are just bad at driving lol,1
"""I'm not sexist but I actively avoid supporting women athletes and then act defensive about it.""",1
"Call me sexist or whatever but men shouldn't telecast women sports, and women shouldn't telecast men sports. #sorrynotsorry",1
It isn't sexist if you're right.,1
"Go ahead, call me sexist. Inept women. http://t.co/0OAHeJ4CDm",1
"Please, let's hear the woman's perspective on a sporting event. That went well #notsexist #justobservant",1
Women are so complicated. #NotSexist,1
"WOMEN SHOULD NOT DO PLAY BY PLAY FOR MENS SPORTS!!!! IM NOT SEXIST, IT'S JUST FACT. THEY ARE AWFUL.",1
I fell 10x's safer if a male is driving instead of a female #notsexist #justhonest,1
"I love females but I swear everyone someone comes close to hittin my car, I look and it's a female. #NotSexist",1
"Men ""have a discussion."" Women ""argue.""",1
I'm not sexist but female comedians are all shite!!! #banthem,1
im not sexist but I cant be with a bossy bitch lol,1
Never ever take directions from a woman! #notsexist,1
"Almost purely because men can raise their voices, women just end up screaming...",1
"I'm not sexist but a woman should not be commentating on rugby, it's just not right #ScotlandvsAustralia",1
"Oh, b/c see Emma, like many WW seem to think ""male gaze"" is only sexual. When their feminism CENTERS WM & Whiteness over BW, …",1
Im not sexist but the day that the marine corps makes infantry open to women &/or we get a female Commadant is the day I…,1
Call me sexist but if it's a female rapping I automatically dislike the song. #Chauvinism #VocabWord,1
Why are girls just mad at the world for no reason? #notsexist,1
taking it way too personal yo,1
I'm not sexist at all. But I can not stand female reporters in men's sports,1
"""I'm not sexist, it just so happens that I only complain about quality when it's women playing, ignoring all historical context.""",1
ok I'm not sexist or anything but YOU WOMEN SUCK AT DRIVING OK? JUST. DON'T. PLOX. DO US A FAVOR.,1
Like computer programming? http://t.co/RXBeH9zwA0 Im not sexist butttttttttttttt I don't fuck with womanly jobs,1
Saw a woman driving a lorry in town today. Some serious irony when it turned out to be the hoover lorry though. #NotSexist,1
"Im not sexist, but When it comes to learning i prefer a male .. All my fave teachers were male.",1
I fucking hate rich ass snobby women that don't know there place in front of men! #notsexist #justventing,1
Not sexist but i don't like weak women POV. i like kickass women POV like Cersei...you know.,1
"Again, call me sexist but men shouldn't get lower back tattoos",1
I am not sexist. But i am becoming one when i am driving.,1
"he'd prefer a more attractive girl (which in itself is not sexist, but per…",1
"Sexism is horrible, I am not sexist, but the statement 'all men drivers are better than woman' is correct in every way …",1
maybe that's where they should focus? Less cunts on football. #notsexist,1
I'm sorry to any women out there! I'm not sexist! But ya cant have women in the infantry doing a front line role!! Its a simpl…,1
"Basically, u could use a woman #NotSexist I need to buy soap & return these red box movies. shit need to …",1
"Sorry, I won't use facts next time. I'll just go with the rest of the masses who think there are NO differenc…",1
Im not sexist but a girl should know how to cook! if i know how too then she should too just saying,1
"Y'all can exit this conversation because nobody likes a feminist you piss everybody off,…",1
Women shouldn't be football announcers. #NotSexist #JustAnnoyed,1
I have yet to meet a woman who can cut a good haircut #notsexist,1
I'm not sexist but I hate female sport analysts. I just can't take them seriously.,1
"I'm not sexist, but having Thor be a woman in the new comics is an idea I'm not so with.",1
"I'm not sexist, just saying guys are tough all month, women are tough for 25 days of the month and then complain they are…",1
SO CLEVER PULITZER TWEET I think women should wear make-up while driving. Just so they look in the rear mirror occasionally.,1
This is not sexist but I want to punch both of the girls from broad city #workaholics,1
Good thing you'll never get the opportunity. I just don't feel safe driving with any girl call me sexist,1
I'm not sexist but female characters in TV shows are 99% usually the most annoying character,1
I remember when I used to refuse to get on the bus if a woman was driving it #NotSexist,1
We all get bored of women. They stop making sense after sometime. Especially the talking part. #NotSexist,1
Remind me when I said fiction = reality? Don't you have a feminist tumblr account to rant on?,1
Girls can dig football I'm not sexist.. But girls that hate football but then watch the World Cup and have an opinion.. Na…,1
make a sandwich :o #notsexist,1
All I can say is thank god they didn't also make Thor black or some people would have exploded.,1
"I'm not sexist, but women's football should be in the Paralympics.",1
the baby doesn't have a dad in her life and her mom is a whore. this is a future stripper of America in the making,1
call me sexist. But i really hate girl gamer teams. really really hate. lol.,1
"It bothers me when anyone uses foul language, but coming out of a girls mouth it seems 10x worse #KeepItClean #NotSexist",1
"Call me sexist whatever, but most of the girls I've met aren't cut out for working full time. #FeministsLookAway",1
We are watching Battleships again. Sorry to sound sexist for a moment but even Rhianna's bottom didn't make this worth watchi…,1
"Call me sexist if you will, but men are far more civilised during these debates than women. #debtdebate",1
Put over 15 women in a room and lawwwwd knows what could happen. #NotSexist #JustScared,1
I'm not sexist but they really making it hard to act otherwise. #franga,1
I'm not sexist but; women playing poker........ :/,1
"Look I'm not sexist, but the only funny women in comedy are amy poehler, Tina fey, and kristen wiig",1
Hahahaha I'm sorry but if you watch Women UFC fights kys #NotSexist #ItsJustWeird,1
"I'm not sexist, but girls aren't funny.",1
"I'm not sexist, but Jesus Christ Sarah palin is a complete joke in politics. Hillary is no different, better, but not much.",1
"Call me sexist but the true definition of a #goddess is a good house wife & mother who also has good health,looks and physique",1
I don't ever want a female talking while football is being played #notsexist,1
"Worked in a virtually all female environment, not sexist but comes with it's own problems, sadly…",1
I'm not sexist but women comedians are fucking shit,1
Why shouldn't women drive? Because there's no road in between the kitchen and the bedroom. #NotSexist #SorryNotSorry,1
The women are so much worse than the men at ski halfpipe #truedat #notsexist #Sochi2014 #WinterOlympics,1
"call me sexist, but i hate to hear girls argue bout sports",1
Im not sexist but I hate woman sports commentators,1
Im not sexist. But women should shave their goddamn legs.,1
And no I'm not sexist. Women are to be treated as any other person on this planet.,1
It's always fun watching sports w a woman in the room #myaunt #notsexist,1
"Mamas, if your child is btwn ages 4-12 and you're struggling to buy a holiday toy,fill out this form: http://t.co/EJ2a…",1
"Sounds like we've got a well good ref' today, bloody women should just stay in the kitchen!",1
"I'm not sexist, but I believe in my kids having 2 parent home. Being fully parented.",1
I'm not sexist... But why the heck do I have a girl as my personal trainer..??,1
"Women SHOULD NOT Participate in No Shave November , it should be legal for them Ain't No Guy want a hairy chewbacca women",1
I swear im not sexist but WNBA..........I'll pass lol,1
Female comedians just aren't funny to me for some reason #NotSexist #JustFacts,1
Think it's great/funny World Cup cameramen still get away with zooming in on smoking hot women during a game in 2014. #Not…,1
"I'm sorry, I'm not sexist but I cannot stand Doris Burke. #awful",1
I'm not sexist but *most girls are fucking stupid.,1
every girl should be sad for not being a boy,1
I'm so not sexist but girls cannot wrap burritos at chipotle..... I think it's known fact. COME ON LADIES STEP IT UP,1
"I'm not sexist , but a lady Assassin just isn't right .. #AssassinsCreedLiberation",1
This lady is a terrible official. Not because she's a lady though. I'm not sexist. But because she's a stupid bitch.#Cavs,1
"Not sexist, but I don't like it when girls are on sports talk shows",1
I am not sexist but changing making the next Thor female isn't something I'm okay with due to Thor almost always being …,1
NOT SEXIST.. But who the fuck gives a damn about the WNBA?,1
Call me sexist but shopping with women can take centuries >.<,1
Sent a mass snapchat of my laundry asking only women to fold it. #NotSexist,1
Fake victim whining rapist motherfuckers. They need to die,1
"First, female sports. Now we have female refs and female announcers...what has life come to...#NotSexist",1
Most women are bad drivers just like most men are douchebag drivers #equality #notsexist #fact #LATraffic,1
"I'm not sexist, but a female standup comedian has never successfully made me laugh.",1
I'm not sexist but this female bus driver can't reverse property.,1
"Call me sexist, but most people I have muted on my twitter are women.",1
I'm not sexist..but man Women's Basketball on ESPN is unwatchable,1
I'm not sexist or anything I just dont think. A woman protagonist wouldn't fit in with the vulgarity of GTA. Unless th…,1
I am not sexist but some women make me want to be.,1
FUCK. I'm not sexist but I have a girl in my recruit school AGAIN. Son of a bitch.,1
Im not sexist but on ma life theres a gene in women that blocks their rationality.,1
Yeah you are a feminist so shut the fuck up if you are going to be arrogant,1
"Call me sexist, but hearing a woman do play by play for a football game just sounds off to me",1
"I'm not sexist, but I really cannot stand women sportscasters. #sorry",1
"And, it is comical for Emma to mention ""male gaze"" re: Bey, when her speech CENTERED men and was not intersectional.",1
I'm not sexist but I die laughing when dudes in class make sexists jokes,1
"I'm not sexist, nor a racist. I'm a bigot, there's a difference.",1
7 Reasons Girls Should Date A Nice Guy http://t.co/p2t9aLs5YX,1
"Sorry, I'm really not sexist, but the stereotype has yet to prove me wrong about women drivers.",1
I'm not sexist but feminists annoy the shit out of me,1
I'm not sexist but woman's football makes me feel sick,1
im not sexist but some bitches are dumb,1
that a female referee? Not sexist but... They are only for camps right? This will not be happening in the regu…,1
"Call me sexist, but I'm just not comfortable with ladies reffing football.",1
What the hell man? Making Thor a woman is like making SpiderMAN a woman. I'm not sexist but you just don't do certain things.,1
"This is not sexist, but I know about 1 funny girl, what's going on@dankfrogmusic DID YOU HEAR THAT GUYS HE'S JUST JOKING THEREFORE THE PRATTLE FROM HIS MOUTH CANNOT BE SEXIST",1
"""Well son, you've scored a shitload of goals for the youth team, but we can't make you professional, because y…",1
Nothing quite as degrading as a man using a feather duster. #GenderRoleShock #NotSexist #JustManly,1
I'm not sexist but also definitely not a fan of the rumour of Ghostbusters 3 with women. What next? Steel Magnolias 2 with d…,1
I keep getting this damn ad on YouTube on how girls are better at sports then guys. Sorry their not. #notsexist,1
Dudes who go to culinary school: #why #findawife #notsexist :),1
I'm not sexist but I just dont like female singers haha,1
im not sexist but women just cant be comedians nor can they be rappers...,1
Been going to social clubs since i was 12 and to see women in the main bar is mad like just not right. #notsexist,1
Im not sexist but girls basketball is hilarious no matter what level it is. They all suck its annoying that it exists …,1
has a female comedian ever made anyone laugh ever? call me sexist but women comedians are not funny,1
Call me sexist but any women sports reporter I can't listen to or even think their information is credible.,1
Call me sexist but my son can do whatever he wants lol my daughter not so much,1
There is NOTHING more retarded then a female who talks shit about kicking a guys ass. I'm not sexist but get real bitch.,1
I'm not sexist but I'm really glad I'm a guy lol,1
"#NotSexist but is Erin Andrews the most average looking ""super talked about as a hottie"" ever? Totally fine sports re…",1
I'm not sexist but why are there 8 girls in the weight room. 32% no way,1
"Call me sexist but 98% of y'all women cannot drive man, and 100% of y'all read this and said ""not me"" in y'all head",1
I'm not sexist but I don't think I actually find any female comedian funny,1
Also on that note any man who wears fake tan isn't a man #notsexist #justhonest,1
"If I had a dollar for every time a girl has backed out and almost hit me, I'd have about 30 dollars #NotSexist #ButDamn",1
"No i'm not sexist but no I do not like Thor being a woman, he's a MALE mythological figure, that's like making Zeus a chick …",1
// nope. I'm not sexist but I think the doctor should stick with a male,1
then do the dishes,1
im not sexist but if youre a female bartender you agree to certain gender standards,1
"my comment was sexist, but I'm not personally, always a sexist.",1
I'm not sexist but sexist jokes are the funniest jokes out there... in my opinion,1
I'm NOT #sexist but this #woman did a better job of cleaning my car than any #man #handcarwash #norwich http://t.co/D…,1
I'm not sexist but anyone that thinks males and females are equal or ever will be is naive,1
"""I'm not sexist, but it's of note when a woman surprises me with her competence.""",1
"Emotions get in their way far too often. I'm not sexist, I'm just stating what I see as a fact.",1
"Don't get me wrong I'm not sexist, but seeing female engineers on site is weird",1
im not saying women cant be great leaders or they are weak its the fact that they are incredibly more decept…,1
couldn't agree more Paige! I have never found a female comedian funny.. #notsexist #justthetruth,1
I'm not sexist but women don't belong in the infantry. Sorry.,1
"Call me sexist, but I couldn't watch a women do standup if my balls were an inch from the bandsaw.",1
"Time machine broken again, Socrates? you can call me sexist and maybe thats true but i dont think a woman should be president",1
"I'm not sexist but if there is house fire and your in it, you better finish the dishes dear.",1
"""Women's sports are dumb"" --> ""I won't pay to watch women's sports"" --> ""why do women get paid $ if no one is watching them?""",1
"Call me sexist or whatever, but Imma need for female personal trainers to be sexy. #sorrynotsorry",1
"no, rape is",1
Im not sexist but only like 4 girls (if that) are funny on twitter rest of u hoes try too hard,1
I'm not sexist but hearing a group of drunk females trying to do the yaya/kolo toure chant feels wrong,1
"I'm not sexist, but Feminists make me sick in how they go about fighting for equality. Sorry.",1
I kind of think women shouldn't be cops or be in the infantry. #notsexist,1
Call me sexist but I think a woman on a motorcycle is kind of dumb. Especially when she has ape hangers...,1
I'm not sexist but Hennessy is definitely a mans drink.,1
Black Widow I can understand she was an original character. I am not sexist but Thor has always been a guy.. Can't s…,1
"I'm not sexist but a woman shouldn't have to open their own door, pay the bill, or drive but I still beleive in chivalry so …",1
"You should be locked up, you sociopath. To prove I'm not sexist, I'm going to punch a women in her face",1
"I'm no sexist but to pay the Men's and Women's Wimbledon Champions the same prize money is farcical - as jobs go, they're ent…",1
"I'm not sexist, but I believe men and women have their roles in the house.",1
I'm not sexist but women should be sports commentators for women's sports and men for men's,1
"Call me sexist but I hate hearing female rappers, I will switch the song with no hesitation whatsoever",1
have you even seen a women kick a football. I thinks it's probably genetic.,1
Why is there women's football I'm not sexist but I find it irrelevant,1
"I'm not sexist, but I hate female sports talk hosts",1
I'm not sexist but BITCHES CANNOT DRIVE,1
http://t.co/flERluQXq4 i'm not sexist but there's something so off putting about girls liking the football #controversial,1
"To be honest I like the idea of the wife cooking and cleaning and the guy earning all the money to support their family, …",1
Why is it that every bad driver I encounter is either an extremely old person or a female??? #notsexist #facts,1
Call me sexist but I get annoyed by women anchors on SportsCenter,1
Bruh I'm not sexist but is the WNBA that entertaining??,1
I'm not sexist but fuck me half of the women yids on Twitter are fucking clueless,1
YOU'RE SO POPULAR Just snapchatted every girl in my phone and told them to make me dinner. Lol #notsexist,1
Not sexist but women have a weird sense of humor and can't drive,1
Im not sexist but I swear female comedians are not funny at all,1
I'm not sexist but it is fact we can do more than females it's scientific fact....the only people that say otherwise are,1
"Why is Thor a woman now? I am not sexist, but it just doesn't make any fucking sense.",1
I'm not sexist. .. but I do believe in male and female roles to an extent. ..,1
"I'm not sexist, but this is why women should not be allowed to have an opinion on football... http://t.co/jR33ScWtcR",1
"Call me sexist, I just feel men & women have their appropriate roles in life",1
"Btw Im no Sexist, I jus mean same woman barking in da office, is same one kneeling or submitting in da bedroom..!",1
Not sexist but I'm getting a little tired of female announcers.,1
Am not sexist but can women league football ever get the kind of attention the men's league gets??????,1
"Call me sexist but I actually have nightmares about Nancy Pelosi, Hillary Clinton, and Elizabeth Warren.",1
I'm not sexist. But women should not drive. Ever.,1
"Mitt Romney needs to run for a 3rd time in 2016, not sexist but Hillary Clinton can't run this country",1
What's the point in having a cleaning lady when I have a mom and a sister? #NotSexist,1
I'm not racist and I'm not sexist...I'm just tired of self-entitlement,1
I'm not sexist but damn why do they let Females act like they know basketball...,1
"I'm not sexist, but if I hear a woman's voice on the radio I turn it",1
stfu im sick off you useless ass people in my mentions,1
I'm not sexist but women's ice hockey is just naa,1
"I'm joking when I tell a woman to make me a sandwich...but if I want spaghetti, bitch better make it. #NotSexist",1
I would happily pay more for a flight if it would ensure no woman is near the controls. I bet a lot of women would too.,1
always extremely skeptical when these things first come out Call me sexist or whatever you want but sexual assault is a broad term,1
I'm not sexist but fuck catching a girl pokemon #pokemonprobs,1
Are there any good female comedians?? Or comediennes if you prefer? Can't think of even one! #NotSexist,1
Not sexist but sports women is the worst thing what's ever happened to sky sports news! #thatswhatloosewomensfor,1
I tend to think an rsx is a chick car though lol #notsexist,1
"many of the #YesAllWomen tweets are degrading men, I support the campaign but many women ca…",1
Call me sexist but I still don't like how the main character of legend of korra is a woman. It just doesn't feel right.,1
Female comedians aren't funny #notsexist,1
"Not sexist, but some of these women act just plain stupid. 100s of years fighting for equality, and you're gonna play dumb? …",1
I'm really not sexist but it's true what they say about women drivers #Thick,1
I'm no sexist btw cause I'd punch a woman to show that she's equal #equality,1
"IM A TOUGH MANLY MAN but im terrified of period blood, body hair on women, gay men, being percieved as feminine & women havi…",1
"Yeah would never! I'm not sexist but women please just stop tweeting about football, we don't tweet about cooking",1
"Not sexist but why do girls talk football, do i put on your tl which mac product to buy? no stay in you lane",1
"I hate her so much Masterbatker I'm not sexist, but fuck that lady. She's awful.",1
"Now that's the weird brain-destroying sexism I'm talkin' about! Call me sexist, but women are not good at high fiving each other",1
I'm not sexist but I don't like the fact of a women coach in the NBA. I don't think men should coach in the WNBA. Let us…,1
"I like to think I'm not sexist BUT...I cannot stand when females who are clueless about sports, talk about sports.",1
I'm not sexist but it's extremely hard for me to listen to a female vocalist,1
most women r physically weaker than men. #notsexist #sexhonest,1
I'm no sexist but there's nothing more aggravating than a female trying to talk sports with me. I'm just like get tf out …,1
I'm not sexist but girls and driving doesn't work.,1
Just don't find Woman comedians funny in the slightest #NotSexist,1
hahahahahaha what a fuckin pussy,1
I'm not sexist but females can't rap,1
I swear I'm not sexist but about 90% of girls are terrible at video games. Maybe it's just my sister though.,1
I'm not sexist but there's no way the nhl should let women in. They play a non-checking game. It's two totally different…,1
Oi I'm not sexist but I swear to god only like 2% of the women population in London know how to drive properly ffs.,1
Listen. I'm not sexist. But I'm a firm believer in the man setting the tone in the relationship,1
"By the way, your insult, directed at a man, about an unflattering hat worn predominantly by men, meant to ins…",1
Ladies...If you've been around your price goes down. Call me sexist but u know it's true. #joke,1
Call me sexist but watching women play rugby is just plain wrong #weird,1
"I can't stand any of the female sports commentators. I'm not sexist, but the only ones around are just dumb as shit.",1
Men's MMA is far better than women MMA #notsexist #justbiology,1
Women's sports < staring at a blank TV screen... Not sexist but can't seem to get any enjoyment out of it,1
you don't understand my intent,1
"I'm not sexist but girls constantly are complaining about stuff on TV, kind of annoying",1
"Girls should not, I repeat should NOT participate in no shave November",1
"I am not sexist but when I say I hate the two idiot female roommates I got stuck with, without choice. I mean it. Perf…",1
"tell the bitches, whores, sluts and cunts to change their behavior...that'll end the speech",1
Thats not what I began with so...your dumb. But yeah I see what u mean the fact they all suck goes w/o…,1
"I'm not sexist. But damn. You want equality? Learn to not pull the ""I'm a woman"" card.",1
"I'm not sexist but female comedians should cease to exist, immediately. Jesus Christ are they painful to watch.",1
I'm not sexist but women in letterman'a jackets look so weird to me,1
"I've never seen ""a women"" do anything. But I've seen Sam Gordon own a field full of boys.",1
"""this road has more holes in it than a whore has on a saturday night."" -kaylies dad",1
Im not sexist but I dont think girls are funny.,1
if we are talking about a viking sized man with huge amount of lust and a 150cm girl .. then no I wouldn't like it,1
"I'm not sexist in any way, shape or form but the female presenters on sky sports news are soo prestigious",1
I'm not sexist but I would never ride behind a chick on a motorcycle,1
"This is not sexist, but there is not one funny female comic in the world.. All less funny than a bout of the plague",1
"call me sexist, but i love to watch women with fat asses walk away",1
The only position they belong in ;) haha #NotSexist,1
I swear I'm not sexist but watching girls basketball usually makes me want to shoot myself in the head,1
Listen I'm not sexist but no girl should be the man in a relationship,1
I'm not sexist but I really don't get it when girls are just like completely incompetent in the kitchen,1
When a girl looks more buff than me... #gymtime #eeew #notcute #notsexist #justscared,1
This chick amy schumer is 2 funny! Women comics really gotta come wit it. Not sexist but most women comics are limited for …,1
a woman SHOULD NOT be proposing to a man under no circumstances b..u cant tell me nothing. call me sexist idccccc,1
"This transexual speaker said when she became a woman, she got worse at driving #proof #NotSexist",1
"This isn't sexist before anyone starts, it's just true..... Female comedians are not funny!! Not one! Ever!",1
"I'm not sexist but women and men are just different they can't be same, I'm not saying that men are superior but yeehh",1
- people are too damn sensitive lol,1
Dont understand why #Marvel is making changes to characters. Thor is a favorite of mine. Im not sexist but Im mad that hes a …,1
"You sound dumb end of story, quit crying and making a big deal of little things tf",1
Call me old fashioned..call me sexist..but I feel a WOMAN needs to know how to throw down in the kitchen. And a MAN provides.,1
because you hate a group doesn't make you sexist dumbass,1
"Not even a good use of the meme I have never met a woman who can drive well.... But, that's none of my business. #NotSexist",1
"Radfems think men are to blame, when it's mostly other fems doing it to different groups among themselves #GamerGate htt…",1
I'm not sexist but I cannot stand when there's a woman commentator talking when I'm watching sports.,1
"Call me sexist, but girls just shouldn't curse.",1
Why is it that women want equal rights but also want to be catered at the same time? #notsexist #justdatroof,1
I'm not sexist but most girls = bad drivers,1
"I am not sexist, but I have yet to hear one good woman play by play announcer.",1
I'm not sexist but I do agree with gender roles. I have a dick. U don't. Gender is not the same.,1
"look guy, every man has look at a woman's ass at one point or another I his life.",1
"two and two does not make five, you know that, right?",1
whatever about a man (sorry im not sexist) but a woman should never let herself go...,1
This is not sexist... But I CANNOT handle women announcers! I am about to mute the tv #dukevsunc,1
I'm not sexist but litteraly I'm sorry sometimes women get too many rights. Yall ain't innocent at all. Like men can ne…,1
maybe so. But I'm still right.,1
"Second guy: I'm not sexist, but I do think men and women are good at different things.",1
This is not #SEXIST but my opposite sex can't drive for shit!!!,1
"Im starving. But im so worn the hell out from work i cant bring myself to get up, let alone go cook. Single dude probs. #n…",1
Sum things jus aren't right coming from a girl'z lips... #NotSexist,1
Call me sexist I guess but I just can't do female commentators wanted to watch #CINvLOU but watching #FLAvMISS instead,1
Call me sexist but I don't like playing as women in video games unless they are survival horrorgames,1
"I'm sure the commentators you DON'T find attractive make less money, because your opinion matters so much.",1
Im not sexist but girl rappers are trash,1
I'm not sexist but Girls who smoke are a big turn off . . . . . Even if your supermodel status its still a turn off!,1
I'm not sexist but I do not want to hear a female call an NFL or NBA game.,1
Call me sexist I don't care! But NASCAR is a mans sport!!!!! #sorrynotsorry,1
Am I the only one who was never aware female pilots existed? #bumpyride #notsexist,1
"""@OfficialTedSays: Easy bake ovens: Teaching girls their role in life since 1963."" Im not sexist but this is hilarious!",1
I guess I would be a safer driver too if I did ten under the speed limit. Not trying to be mean,1
Call me sexist but I do not like girl refs for football.....,1
If i let a girl drive my car it means something. #notsexist #justscience,1
I'm not sexist at all but women's sport is awful,1
Do women announcers annoy anyone but me? #NBA #notsexist,1
same. No one involved with the original apparently. And I'm not sexist AT ALL but female Ghostbusters? Li…,1
When a woman gets in a wreck I'm not surprised. #notsexist,1
I'm not sexist but I hate when girls talk about sports I just wanna smack em,1
"I am not sexist. But when girls beg to wear yogas, don't get uptight if you see a guy looking. Then you are just helpi…",1
I'm not sexist but girls who have abs and all that nonsense are really not attractive,1
Not sure women's darts should be on tv unless these too are just really bad! Seen better in the pub #notsexist #justshocking,1
I'm not sexist ... but I fear for my life when I'm a passenger in some women's car,1
Sad to hear that Thor is going to be a lady. Why the change? There is history here (real historic Viking god). #notsex…,1
I've watched a lot of female comedians do stand up and none of them humour me,1
"""how to discribe rape. His dick was hungry!"" #notsexist",1
I believe in equal rights there for am not sexist but women's reaction times & general awareness 2 whats going on whilst d…,1
"Call me sexist, but it really pisses me off when girls who know fuck all about football win huge bets. #WomenAgainstFeminis…",1
I'm not sexist I just don't believe in some of the idiosyncrasies of certain females out there. Males too.,1
apparently you guys can't take a joke but thats non of my business.,1
"If you hadn't noticed, feminists are against taking pictures of anyone without their consent. Nice strawman tho, would trash",1
I'm sorry but I can't handle women commentators or women talking about sports on ESPN #NotSexist,1
"don't call me sexist cause im the farthest from that, but holy fuck I hate feminine activists",1
I'm not sexist but girls can't rap,1
I'm not sexist but i hate watching women play sports.,1
I'm not sexist but most women musicians suck ass,1
I'm not sexist when I say women can't drive. they literally can't,1
I'm not sexist but women shouldn't be able to drive!!,1
when i play mortal kombat i only pick girls im not sexist i just like boobs,1
I'm not sexist for my opinion on women drivers.. I've just experienced it plenty of times.,1
Was informed by a man today that there's no difference between Michigan's Rape Insurance and his house an…,1
"Don't get your pants in a bunch. I'm not sexist. But in this PC geekdom world, heaven forbid if you disagree.",1
I'm not sexist but I hate feminists females already got equal rights stop complaining,1
What is one thing I care less about than soccer? Women's soccer. #NotSexist,1
i'm sorry i'm not sexist.....but i do not find women comedians funny. maybe tanisha long,1
Michael mutes all women sportscasters #notsexist,1
"Any real man knows, that being able to cook is one of the most attractive qualities a your woman can have. Hahaa #notsexist",1
the Belgium blonde near the end was a great spot,1
"I'm not sexist, but women are inferior. proving that you can still be an idiot regardless of your…",1
"I'm not sexist but the evolving semantics of ""literally"" is a female-led sociolinguistic phenomenon.",1
#bizarresexism I don't know why buy I find a hearty handshake between two women to be very awkward. #notsexist,1
I'm not sexist. But girls can't do everything a guy can do physically.,1
"Can't lie this was generally clever, funny, and relatable without ruining it with girlishness #NotSexist",1
"I swear I'm not sexist, but all girl drummers look really awkward whilst playing.",1
Sooooooo when you ladies about to start posting pictures of what you cooked rather than where you ate? #NotSexist #JustCurio…,1
Not sexist but female action movies...ehhhh,1
Women are really bad drivers. #notsexist #sorryitsthetruth,1
I'm not sexist but I bet if I had one month of training I could do all these snowboard tricks the girls are doing and I've neve…,1
I hate when women talk football but don't know what they're talking about It's only cute when you know your shit! #NoSexist,1
I'm not sexist but fuck if you're a woman and you can't Cook get your shit together.,1
I swear I'm not sexist but female chipotle employees can't roll burritos for shiizzzz,1
"I'm not sexist but I think in general, men make waaaay better music",1
I'm sorry. Call me sexist but women shouldn't get involved with football. I've made an oath never to take a bird to the,1
i m not sexist but there are somethings girls just shouldnt do,1
"""Friend zone"" concept relies on foregone conclusion sex is a given. #wellactually that makes you a rapist",1
your face isn't a excuse you self righteous son of a bitch. oh and don't worry I wasn't referring to your mo…,1
I'm not sexist but I can't listen to female commentators for men's sports.,1
Not sexist but can't stand women Black cabbies...just saw two on the bounce #BigNoNo,1
"I Cook Bitch ;p""@YesYoureSexist:BACK AT YOU DOUCHE Mannnn I'm not sexist but if you a female & you can't co…",1
"Call me sexist, but I always fasten my seatbelt as early as I could when the driver is a woman. #BroSexist",1
Fat Amy isn't funny because she's a women... I personally don't think women are funny at all #notsexist #realtalk,1
"Im not sexist, but football ain't meant for women",1
I'm not sexist but i just don't believe in women being president,1
Woman's half pipe is hard to watch... I'm not sexist but this is brutal. One finished run in the last 6 athletes #iwanttocry,1
"""I'll be ready in 5 minutes"" from a girl usually means ""I'll be ready in 20+ minutes."" #notsexist #knownfromexperience",1
im not sexist. but... it does bring a tear to my eye when i see a woman successfully reverse into a parking space.,1
I'm not sexist but I never want to have a daughter cause even girls know how girls are.,1
I'm not sexist but I don't like movies with women with the main role.,1
Not sexist but just ain't the same with a woman presenting MOTD..fuck off get Gary back,1
Two most funny twitter accounts: that of an intelligent man and a dumb woman ;) #NotSexist #SoPlease :P,1
I'm not sexist: but I do not like that the first game where two women are Linesman is the BYU game. We always have luck like this,1
I'm not sexist or anything but EVERY girl is crazy no exceptions.,1
"So, totally not sexist, but fouls should be a synonym for women's basketball.",1
i'm not sexist but the vast majority of women i know are pure evil,1
"Its like im not racist, but I find racist jokes funny. Im not sexist but i find gender stereotyping funny. IMO nothin that …",1
"The people at work are childish. Lol its run by women. Im not sexist but when women dont agree to something, oh man...…",1
I'm not sexist but i cant fall asleep if a females driving unless I'm on a xan,1
I don't think women can make tough military decisions. Notice Hilary's face during the Bin Laden raid h…,1
Not sexist but I hate female announcers,1
"I'm not sexist but girls please don't pipe up when the football is on, we all know you have no idea just sit there in si…",1
I'm not sexist but women are really stupid no offense,1
"Now, I'm not sexist in any way shape or form but I think women are better at gift wrapping. It's the XX chromosome thing",1
"I'm not sexist, but when a woman presents a football show I just can't take her seriously.",1
"Why yes! Call me sexist, biased, or whatever. I seriously think terrible driving is passed down through the Y chromosome.",1
How come when women joke about men its not sexist but the other way round it is ?,1
and as far as a girls team.. Name me one all female team who has placed top 25 at a major event. Not sexist but it's a waste,1
Hmmm Thor is now a girl I'm not sexist but I hope this gets explained really well #Thor #Loki #MarvelMovies #Odi…,1
"I'm not sexist or anything but wow, women can be totally cray cray at times haha",1
I'm not sexist but I don't agree with women on sports shows that talk solely about men's sports.,1
suck my balls hoe,1
"Im not sexist, im just saying its wrong to lower the standards because those standards are implemented for com…",1
Guys I swear to god I'm not sexist... But this Girl announcing the LouVSKen game is annoying...,1
"I'm not sexist, but any other driver would just drive not stop every 2 seconds when an open lane is to your left!",1
"""I hate it when women control the conversation on their own problems, but that doesn't make me sexist.""",1
"Call me sexist when it comes to football idc. I hate when girls put up a pic of a ""hot"" guy and thats the team they're …",1
I'm not sexist but an all-female Ghostbusters is going to be just awful,1
I swear I'm not sexist but there are way too many female drivers in this town.,1
Just saw a girl drive the wrong way on a one way.. Some girls really don't know how to drive. #notsexist #guysdoitbetter,1
Girls should not be allowed to be commentators for football games,1
"i'm not sexist, i believe women should have equal rights/pay, i just can't stand feminazis making everything about …",1
I'm not sexist but women suck at driving,1
"Call me sexist, but I don't like watching football with a female commentator",1
"""Never knew rape was a culture"" well COLOR ME SHOCKED to find you to be as ignorant as your 1st impression implies",1
we are in America. It's american women that complain of such.,1
Tell your mom I left her money on the counter.Also ask her where my sandwich is! #NotSexist #SoryNotSorry,1
Not sexist but WNBA is pure comedy to me .,1
Have a feeling u'd find s'thing 2 complain about. wouldn't care if she was just an average ref but she got it all wrong #notsexist,1
I'm not sexist but I'd never get my hair cut by a women just like I'm not racist but I'd never eat chicken fried by a white p…,1
"*yawn* Im sorry but women cannot drive, call me sexist or whatever but it's true.",1
male led empires usually fall do to listening to wifey or more often mom which shows who was really in runni…,1
Go ahead and call me sexist but scandalous women are wayyy lower in my book than scandalous men. Mainly cause I want to be…,1
http://t.co/ayOy83G6s0 I'm not sexist but women do cook nd clean better then us #ItsAcompliment,1
jealous cause they are inferior #jokes,1
"I'm not sexist or anything but...(no really i'm not, hear me out) if you're a female comedienne you have a lot to do to ma…",1
"Yeah no male-led empires have fallen, iirc Im not sexist but history shows us that empires fall when women take control of them",1
I'm not sexist but I do believe women and men play very different roles in society but are not limited,1
"Wah, did I just hear they're making the marvel character thor female?.. I'm not sexist, but really? #thorlorealadsherewecome",1
I'm not afraid to hit a woman I'm not sexist x,1
I'm not sexist whatsoever BUT I CANT STAND hearing a chicks voice on sports talk radio.,1
I'm not sexist but women working construction just isn't the same...,1
HOLY FUCK IM NOT SEXIST BUT ALOT OF WOMEN CANNOT FUCKING DRIVE,1
I'm not sexist but every female on ESPN looks completely lost when the guys start talking about football,1
http://t.co/3bvazJfhS4 Call me sexist but men will always be superior drivers,1
I'm not sexist but I hate a guy that lacks masculinity. It's the worst.,1
I'm not sexist but a lot of females lack true logic sometimes. A lot of guys are just dumb though.,1
Call me sexist but I can't stand seeing girls neck a pint,1
doesn't make me sexist. I have a right to an opinion. I believe in equality for those who are equal. Man or wo…,1
Lots of legs on todays show. America approves. #Notsexist,1
BryanUrns Call me sexist but No Shave November is only for guys.,1
Im not sexist or anything but womans college basketball is super lame,1
I have difficulty relating to protagonists that are tiny Japanese girls. Sorry. Call me sexist if that makes you feel better,1
"I'm not sexist, but I get scared when women drive behind me. Particularly young ladies. Old ladies keep on putting along.",1
"I'm not sexist but women get upset with other women for stupid reasons. Women constantly say they have ""haters""",1
BELIVE I let females know they don't run shit round here. I'm not sexist but I do BELIVE in showing respect where it's due.,1
I'm not sexist but a lot of y'all. Females really ain't good for shit except catching semen.,1
"Not sexist, but majority of girls are useless in group projects lol.. MAJORITY",1
I'm not sexist but that female ref just made an awful awful call that could cost the Magic the game. Bunch of garbage that was!,1
It still bothers me that Cammi Granato got in the hall of fame before Adam Oates. I'm not sexist but really?,1
"FTR...I'm not sexist, but I'd never vote for Hillary because she's a liar...so come 2016 don't call me a sexist!!",1
This is when a girl would come in handy #someonecomeclean #notsexist,1
I thought of a really funny joke and I promise I'm not sexist but I have to say it.,1
10-to-1 odds this guy faints after one punch I'm not sexist but girls can't fight and if you think you can you need to stop,1
why do women play best of 3 and men best of 5 in tennis. it is not sexist but in most sports women are not …,1
not my fault people feed stereotypes. For example my sister... She's been in multiple accidents,1
"Not even Misogynist Magnetic Poetry is this cliche. get back to the kitchen, slut.",1
Today one of my students spoke loudly and openly about how it's unfair that women get shit for doing No Shave November. There is hope.,1
fifa and girls just don't go together #notsexist,1
Mannnn I'm not sexist but if you a female & you can't cook #KillYaSelf,1
"I'm not sexist, but I just remembered why I hate feminists. Unless you're Black orJewish please stop whining.",1
"Now I'm definitely not sexist, but if you're gonna be awkwardly feminist I will call you ""poppet"" every-time I see you",1
Girls sports are not sports #notsexist #justfacts,1
"I'm not sexist, but female sports announcers annoy me.",1
Im no sexist... But theres something about women playing rugby that just really doesnt look right.,1
"I'm not sexist, but let's face it, girls can't drive.",1
Shut up men and woman murdered equally I haven't killed anybody so don't …,1
I'm not sexist but I do feel there are too many women on ESPN #notthesameRT I'm not sexist but straight up the world is not ready for one of the most powerful and influential countries to have a woman,1
In 1814 women had no rights. In 1914 women fought for rights. In 2014 women were always right. It's a new year. #notsexist,1
"Ah, I see. Men ""raise their voices."" Women ""scream.""",1
"For the record, I'm not sexist. But if you can prove me wrong about female comedians, I'll make a formal apology to the wo…",1
"Wow, no, okay, do not compare the word ""whore"" to the n-word.",1
you are what's wrong with America. Periods aren't excuses to go home early.,1
I'm not sexist but women sort out ur fucking parking ffs,1
"I honestly can't believe they added female Soldiers to Call Of Duty Ghosts, I'm not sexist but it's kinda weird and a l…",1
I think Kat is a real nasty bitch I was hoping that her and Andre were eliminated he was the one who made watery fish soup?🐀🐕🐀,1
"I'm not sexist, but I don't think America is ready for a female president.",1
"I'm not sexist, but girls shouldn't wrestle",1
"I'm not sexist, but when I see a lady driving a fast car, I get pissed. Yo chick, you aren't driving that Maserati right.",1
I'm not sexist but I hate all female rappers.,1
i understand especially when it comes to self defense. Im not sexist but there's some things that were…,1
"I'm not sexist, but letting the red ranger be female in PRSS is just, not right. The red ranger is always a guy, no exceptions.",1
saying something enforces a stereotype isn't the same as stereotyping #JogOn,1
Iam not sexist but y do women have the singular ability 2 block the way coz the r busy texting! Make me miss my train y dont u..,1
"like I'm not sexist, but feminists sometimes are stupid. women make mistakes too. You are not perfect. Nobody is …",1
women can't park. #notsexist #fact,1
http://t.co/Vsgq8816oH Women and their big handbags *is* the problem of limited space in the.overcrowded train. #NOTSexist,1
"It was the best of times, it was the worst of times. But she had amazing tits, I gotta say. #notsexist",1
None of the girls should have worn make up so school would be scary on Halloween,1
And no I'm not sexist but a bitch is a bitch,1
"call me sexist or old fashioned, but the new trend of dudes taking alimony is shameful and utterly unmasculine.",1
Call me sexist but I don't think a girl should work at a gym. They are no help when you're alone and you need a spotter.,1
"Can't talk w/males, can't grasp anything more complicated than a video game. Can't talk sports with females..call me sexist",1
I'm not sexist but whenever I get mad at another car when driving and I see that it is a woman driver I am no longer mad and …,1
"typical female, wants everything :-)",1
women r more pleasing to look upon. #notsexist #sexhonest,1
Not sexist but that guy is never going to live down losing to that girl in a football throwing contest for $100k...,1
I'm not sexist.. But women drivers are terrible.,1
I guess #Tammy is the next terrible summer comedy on the list. Only females will laugh in that theater. #Guaranteed #NotSe…,1
"I'm not sexist, but some bitches can't drive for SHIT.",1
"this is why DC >>> Marvel. I'm not sexist but this, this is stupid",1
"From zero to ""cunt"" in eight seconds. Too bad that word really means ""I'm an insecure whiny baby"" and says nothing about me.",1
"Because fat men and fat women have equal opportunity in this world, right. I'm not sexist so I will call you fat if I please.",1
I'm not sexist but all women suck at driving and they should not have the right to get behind the wheel,1
"Need what he's smoking Being feminist isnt sexist BUT ASKING LAWS & INSISTING THAT WOMEN ARE CORRECT ALWAYS, MEN ARE CRIMINALS IS",1
The broken ladies of my and younger generations fail this description in one way or another. And the men are to feminine to d…,1
"I swear i am not sexist, but Women's Tennis is the most boring sport to watch...",1
Now I'm not sexist but there ain't no woman in the world that can pull of Thor!!! He's a fucking man!! Always has been al…,1
Call me sexist but I'm yet to see a funny female comedian,1
I don't tweet about periods. Women shouldn't tweet about football. #notsexist #truthhurts,1
"I'm no sexist but the last thing I wanna read about is women's, football or cricket on the sky sports news app! #controve…",1
"I'm not sexist, but people should play their roles.",1
Not sexist but don't find women stand up comedians funny ever,1
"my only experience was terrible classmate and she fucked two of the guys. Keep your slit shut, skanks!",1
I'm not sexist but I can't help cringe when women talk about football #notsexist #wheresmytea,1
"Im not sexist, but 2 girl refs. Really",1
"I'm not sexist, but women should not be refs",1
I'm not sexist but I want a girl that's going to cook and clean! I'll take care of you and everything else.,1
I want all social media sites to go down for a week just to see how the girls react. #notsexist,1
Dont like female superior...not sexist but feel uncomfortable... male superior all macam more nice and friendly... I mean…,1
"Not sexist, but I'll never vote for a woman president because I don't think any woman is mentally stable enough... Maybe…",1
nope. http://t.co/5a8IkX8Jup #fact women talk 3 times more than men #NotSexist,1
Not sexist but I hate female sports announcers,1
I'm completely not sexist but...Thor is a dude.,1
Male Thor is unworthy of Mjolnir so a woman is taking place. I'm not sexist but that is bull sheeeeeit,1
"3 car pile-up outside the house, 3 women drivers... #NoComment #NotSexist #Coincidence http://t.co/HQiAKjJwUW",1
Call me sexist but I can't stand women on SportsCenter talking about football.,1
"I'm not sexist (cough) the only thing worse than a female Sunday league ref, is a female Sunday league ref with her husband …",1
"Call me sexist but woman football commentators annoy me so much, they never shut up",1
"im not sexist but girls should not rap, its weird",1
"Call me sexist, but heels > no heels. Sorry ladies. Also nasty nails = vomit. Look clean at least.",1
I'm not sexist. I do have a problem with people who exploit double standards and* use their sexuality for attention tho.,1
"I'm not sexist, but if I was sitting on a plane ready to leave, and a female captain come on the speaker, I'd probably …",1
The Para's here are the elite of the British Army! Most applicants fail P company! I'm not sexist but women will nev…,1
Im not sexist but women do not belong on ESPN as analyst or commentators!!!,1
ATTENTION! Women should NOT be participating in No Shave November,1
If it gets the men out from under their wives feet I'm all for it #notsexist,1
Dont even get me started on females man. Im not sexist but the gaming community does tend to be a bit more friendly to …,1
Doing nothing does require an inordinate amount of skill,1
Not sexist but women tend to be late for every event regardless of the race it prolly in their genes. Need some mutagens in …,1
"If you are a women,and this is no sexist comment directly, and we are watching football just don't talk unless my team scores",1
"All girls should come with a sign ""you must be this tall to ride my emotional rollercoaster"".",1
"Call me sexist, but there has never been a funny woman stand up comedian",1
Call me sexist but I don't trust woman drivers .. Or atleast the woman in my family,1
"I'm not sexist, but women comedians aren't funny at all",1
"I'm not sexist and I'll probably get in trouble for this but, Women werent designed or created to be alone",1
Why do they get a Truck after winning the superbowl but just a interview from bitchy Erin Andrews when u win the world s…,1
"a man with an umbrella, just doesn't look right. I'm with you bro. #notsexist.",1
"Girls should count themselves lucky if they got a guy that still shouts when his mad, means he cares",1
"I'm not sexist, but I do believe that women are inferior to men.",1
This girl across from me has a jungle on each leg #Pleaseshave #NotSexist,1
A classic! For those that care I love women im not sexist. I make jokes. Sorry.,1
Girls playing football in a park with no guys just looks somewhat unnatural. #notsexist #observations,1
I'm not sexist but I just can't watch football with a female commentator or announcer. Even my mom can't stand it.,1
I need a girl that'll iron my shirts and not call me sexist,1
Females Need To Stop Thinking That They'll Be Treated Exactly The Same As Males...Society Wont Let It Happen #FactsOfLife #N…,1
call me sexist but i dont believe any girl has a clue about horses,1
Call me sexist but the only women I can take serious when they're angry are my mom and grandma,1
"I'm not sexist, so I'm not afraid to hit a girl. In fact, I plan on it.",1
Cannot stand female comedians. Couldn't name one I find funny. #NotSexist,1
"Call me sexist if you want, but I don't like female comedians. Don't know what to tell ya. Are they funny?",1
"Not sexist, but I promise women live gullibly Always seeing things how they want them to be instead of the reality",1
I'm not sexist but all the internet does is show that most girls don't know how to form their own opinions.,1
I'm not sexist but I'm just not comfortable with a female President.,1
"Don't need it. I'm not sexist but with each post and bitter comment I have less and less sympathy for the female ""struggle""",1
"Am not sexist but feminists don't half milk the ""men are all the same"" bollocks",1
I'm not sexist but women drivers are shit,1
Im not sexist but feminists are the most annoying people out there.,1
Women's tennis is of a good standard #shitnoonesays #notsexist #stillenjoywatchingivanovic,1
Girls shouldn't do drugs #NotSexist #JustTheTruth,1
"""Radical""? lol no Call me sexist. But a girl playing bf4? Lol no",1
Richard Petty was right. If Danica Patrick was a male no one would know she was on the race track. #notsexist #Daytona500,1
"I don't care if people call me sexist, I don't find female comedians funny",1
I am not sexist but feminists are the pinnacle of the double standard.,1
I talk with a number of single American ladies who can't understand why they can't keep a partner. If I told them they'd call …,1
"There is no ""friend zone."" Please cut the shit. Thanks, management. http://t.co/UmtaqAgbsd",1
"exactly. Like I'm not sexist, but most female sportscasters I've seen say dumb shit lol",1
"Why do girls think it's an achievement to not wear make up, us boys don't wear it. #bestgender #notsexist",1
"Not sexist, but women in Burkhah scare me. Totally.",1
"As far as I'm concerned, girls who argue are stupid. Call me sexist.",1
"I can't deal with women football announcers. I'm not sexist, it just doesn't sound right.",1
I'm not sexist but i hate serving women! They're so unbelievanly fussy about their drinks,1
Call me sexist but this is exactly why girls should not be taking serious with football! 3nil down and she's smiling http://…,1
Sexist is when people don't go because it's women. People aren't going because it's of a poor qua…,1
"I don't hear a lot of Who fans complaining about the end of the Dalek-Doctor conflict, but gender is SO much more important",1
I'm not sexist but I do believe that men should provide for the family and the women should stay home and take care of …,1
Id like to consider myself open minded. And not sexist. But...female UFC? What in the fuck,1
"Too many guys act like girls on twitter now a days, I'm not sexist but you don't have to act like a whiny bitch",1
the reason that ship sank and those guys died is because there is a woman on board of the Maverick. #notsexist #superstitious,1
Not sexist but the last thing a woman changed in me is diapers,1
Why is everything for girls or related to girls on Twitter? #NotSexist,1
Women are terrible drivers... Just saying. #JesusTakeTheWheel #NotSexist #JustTruth,1
I'm not sexist but all female rappers need to just stop,1
"I'm not sexist, but why the fuck do girls try and talk / tweet about football to impress lads. This is our thing, don't ru…",1
"call me sexist but there is just some things men do better, for example, I refused to be taught to drive by a woman beca…",1
"direct quote from OP: ""When it comes to learning i prefer a male"" so nice try",1
I'm not sexist to an extent but female rappers? No,1
I'm not sexist but why is Annika on my memorial badges? #PGANotLPGA,1
Not sexist but i think male comedians are funnier than female ones. http://t.co/0nRJQFuzxI,1
fuck women! i mean i'm not sexist but like...fuck women,1
Why are LA women so bitchy? #notsexist,1
People call me sexist for my opinion on females & professional sports.. Stop being so politically correct.,1
Girls that are cheering for a team bc they think one of the players is hot need to get back in the kitchen #NotSexist #JustTh…,1
"Pizza for dinner? I'd say you need a wife, but twitter would call me sexist.",1
Am not sexist but most woman can't drive no offence girls your the best at everything else tho,1
"Call me sexist if you want, but girls should never do the commentating for football, or any men's sport for that matter",1
it's just not a good look in my opinion. Im definitely not sexist but I just feel like suits are more for men,1
nah im not sexist but female rappers cant.,1
it's not the same job...otherwise they'd be competing against each other. Better sportsperso…,1
"I'm not sexist, but fuck, women's half pipe is weak.",1
Call me sexist but men are the breadwinners women can make money too but the household gotta be in order within asucces…,1
Still not a fan of this lady that commentates during games played on Sabc... #NotSexist,1
The roads are a lot better and safer without the mom's on the school run #notsexist #facts #FactsOnly,1
"Call me sexist but honestly mass majority of woman can't cut it in combat arms, it's a liability",1
"Im really not sexist, but its such a turn off when girls say bro like 20 times in every sentence. ...so fuckn ignorant. .lol",1
"Idc who you are, hitting a child is worse than hitting a woman...sorry not sexist but this is sick",1
"Back then, Men were in charge and women were obligated to them. Today, women are just as equal and even better. Not sex…",1
It's good to talk with your wife but it's so much easier to say shut up n make me a sammich #notsexist lol,1
"Look, I'm not sexist, but tell me you don't get at least a little nervous when you see a woman truck driver",1
": ""Anyone who doesn't agree with you that women should be legally prohibited from driving is sexist!? OUTRAGE""",1
"I`m not sexist but it`s thanks to feminism that the UK is such a mess. I mean Harriet Harman, Nadine Dor…",1
Im not sexist but its just amazing when a woman knows how to cook! #lovrmesomefood,1
Not sexist but I believe women have a tendency to be more impractical than men.,1
Not sexist but women comedians suck,1
Some girls should not wear any type of tight clothing,1
I m not sexist but y do female managers think they r the god greatest creation.. Way too power hungry .. U lot need to chiiil…,1
Superb parking; couldn't have done a better job myself LOL #womandriver #notsexist #2013writeoff http://t.co/4mqjpCMnDs,1
"Just seen a comment on how chivalry is rarely practiced by females, I'm not sexist, but that's irrationality at it's finest!",1
they just don't make me laugh. Like whip out your tits do something entertaining,1
"not really sexist though is it, taking the piss out of feminists, not women.",1
Because FemShep was a character created to appease people in a pathetic way and didn't add depth or any dif…,1
"they don't even know what they want, then they say things like ""it's a woman's prerogative to change her m…",1
Yeah bc military battles = RIVETING I'm not sexist at all but reading about the social advancement if women is so boring.,1
Ok so i hav a girl replacin my battery its kinda strange......#NotSexist,1
"Now I'm not sexist, but an all-female Ghostbusters 3 with no connection to the original movies is quite possibly the wor…",1
"Now I'm not sexist, but it's evident a woman can't do a mans job when it comes to tennis coaching #MauresmoOut",1
"Call me sexist, but I really don't like when women do the commentating for football games.",1
"I'm not sexist at all, but woman sports analysts shouldn't be a thing",1
I'm not sexist in anyway also. But some of y'all feminists are off your rockers.,1
"The best part of a woman's body is their hands, simply because they can make sandwiches and clean shit with them #notsexist",1
"A lot of ppl call me sexist. But those ppl are women, and their opinions don't matter.",1
Not sexist but even women prefer to watch Men's sports over women playing because it's played at a higher level.,1
#8161 Im not sexist but for some reason every time a woman commentator comes on and gives her two cents about the... h…,1
"xbox's were designed for boys and make up was designed for girls, get the idea #notsexist #promise #lol",1
Chicks just aren't that funny....call me sexist,1
I'm not sexist but right now I hate girls !!!!,1
your right im a wanker. But I don't even have enough space in five tweets to point out how much of a cu…,1
Call me sexist but I can't stand females being announcers for male sports.,1
I'm not sexist but I cant stand female analysts. Idk if they feel pressured or if they try too hard..idk how to put it.,1
The woman sports announcer for the badgers is making me want to use my mute button #notsexist,1
If women ruled the world.. There would be no war. At all. Just a bunch of countries that wouldn't talk to each other! #…,1
I'm not sexist but I prefer male professors over females.,1
Not sexist but these woman on sky sports have no opinion and everything is told to them through there ear piece #pointless,1
Some of y'all girls should be nuns for Halloween cause y'all been hoes all year round.,1
OH NO! Heaven forbid a man finds a woman visually appealing! THE HORROR! Grow up. #notsexist #freespeech #science…,1
Evan Fornier needs to grow some facial hair because he looks like he belongs in the WNBA. #womanly #notsexist #justtruthful,1
The FIRST ever Man vs Woman MMA fight is taking place this weekend in Brazil. Like for real? This should not happen #NotSexis…,1
I'm not sexist but women rappers are a bigger joke than the WNBA,1
Women are reckless drivers. #Notsexist #realtalk,1
It's stupid AF I'm not sexist but my sister is hell of spoiled daddy's lil girl she hasn't had to work or struggle a day…,1
"Not sexist, but Thor, the God of Thunder, has been a man since the middle ages. What's next, a movie about a female Jesus…",1
"Call me sexist if you'd like, but I just cannot watch women's hockey. So boring.",1
Females struggle driving cars.. Yet we have one flying our plane #notsexist #justhonest,1
I'm not sexist or anything but I hate when women do commentary on sports.,1
But really I'm not sexist but I like my women to be homebodies. Housewives.,1
"Eh, seems about right... #notsexist http://t.co/ajbW13kK2p",1
"So maybe the issue is not ""BOYS ARE BETTER AT SPORTS"" but ""they are children playing school sports so leave them alone.""",1
"FemShep is literally male Shepard with boobs, they're no different.",1
Not sexist but women's tennis is a joke compared to men's hahaha more breaks of serve than holds,1
watching the mens slope style is way better than watching women's #notsexist #justsayin,1
"People call me sexist, I say truthful. I mean do you expect a man to do cooking cleaning and washing?",1
"Not sexist, but it's hard watching a game when there is a female commentator.",1
Siri I'm not sure if I should listen to a women giving me driving directions #sorry #notsexist,1
I am not sexist but I don't think men and women are equal.,1
Do you know that it's a minority? At all? You missed the point of the entire #YesAllWomen tag.,1
I'm not sexist but ... No female is ever gonna tell me what to do.. That includes my mom,1
"I'm not sexist at all, but I don't want to watch a ghostbusters film with just women in it #SoSueMe",1
Song if you're guna hit someone don't punch them like a girl #WasteOfARedCard #NotSexist #10SecondHeadLoss,1
"Not sexist, but really, isn't there a guy who has actually played college or pro ball who can be the reporter other than…",1
Call me sexist but BJP male volunteers are more intelligent than female http://t.co/WaIYyTxIWb,1
"Im not sexist, but women just can't drive",1
"I'm not sexist, but I cannot watch a football game with a female announcer, idk why",1
"I'm sorry, call me sexist but I cannot respect a females opinion nor entertain it when it has to do with sports, even the pr…",1
I'm not sexist but the women commentator on sky sports is shocking,1
"WHOA, a rare shit gem in the sewer. I'm not sexist I just really hope I don't have a daughter",1
it happens vice versa but men are smarter naturally #NotSexist,1
Not sexist but there are certain things that a woman can't tell me NOTHING about.,1
Reality tv disgust me. Not sexist but all the reality h#%s are these young girls role models.,1
I'm not sexist. But fuck marvel for disrespecting Thor like that,1
"Pass on that offer, but saying stupid woman is no more sexist than saying stupid man. stupid boy. stupi…",1
"I'm not sexist , but some girls are just straight birches honestly",1
"Just not very appealing to me. Then again, it is a TV show that revolves around women in prison. Probably why I don't like…",1
I'm not sexist but the Men's skill sets and abilities are just leagues above the women's. Much more entertaining. #Olympics,1
"I'm not sexist, but I really dislike the majority of teenage girls",1
"I'm not sexist, but sometimes women proper need to stfu http://t.co/mgTp6Tst9N",1
Issue with female hosts on sports broadcast is that most have no variation in tone of voice. #notsexist.,1
"I'm not sexist, but I've seen 5 pieces of the most dreadful driving this morning in this garage, everytime it's been a w…",1
Girls should NOT participate in no shave November,1
http://t.co/8NkQqwiuAV You are a tool if you set your phone background as a selfie. Male or female. #notsexist #jk #womanbeater,1
"not sexist, but...women drivers sometimes",1
I'm not sexist but females have no business commentating football it's like a man conducting a child birthing class- just d…,1
"I'm not sexist, I just think woman drivers aren't as good",1
Sorry but girls will never be able to compete at the level of football that men's football has set #notsexist,1
Call me sexist but I don't like women commentators on men sports,1
"Damn you made a page all about it, daddy never loved you huh?",1
"Half the time when I read a girls tweet I read like the dude in ""Sh*t sorority girls say"" video on YouTube. #notsexist #j…",1
"""relax afterward"" <-- so after a standard 8 hour shift of child-rearing and housework you take over, or when she's dead?",1
"Actually, they're not! Your mistake. it's beyond all comprehension . Girls are just rubbish at geography #notsexist",1
I'm not sexist but I can't stand female commentators on sports,1
"Bout beckles, not another woman prime minister #Sorry, not sexist but look what going on......",1
how unfortunate get tf off my mentions,1
I'm not sexist but I don't really fw female rappers,1
"I'm not sexist, but personal opinions shouldn't be considered sexist remarks (in almost all cases)",1
Call me sexist but I despise female comedians and female rappers,1
Not sexist but girls on twitter aren't funny,1
Idk I'm not sexist but the female analyst isn't doing it for me :/,1
A word to all the ladies in very short skirts or shorts this summer - 'Thanks'. #NotSexist #Grateful,1
but I'd rather watch 2 no name welterweights than Layla Ali in her prime. Not sexist but men & women compe…,1
Mum plugs the ipad charger in but doesn't turn the plug on #typicalwoman #notsexist,1
I'm not sexist but women shouldn't commentate sports,1
I don't prioritize women over men. I'm not sexist therefore I'm not a feminist.,1
"3 Hours away, probably fucking some dude instead of making me a sandwich.",1
"In version of Legend of Korra, the main character is Mako and it's a story about hair gel and filing routine paperwork",1
Obviously this Big Boss 8 is scripted and fake. Have you ever seen a woman with so little luggage? #notsexist #plissescooz,1
Women are stupid. Fuck 'em then leave 'em. If you want to be intelligent hang out with men. #SorryNotSorry #NotSexist #So…,1
"Yo fyi, I'm not sexist =_= i just like to piss off you girls x)",1
"""I'm just selectively highlighting women who meet the stereotype I'm fishing to confirm. HOW IS THAT SEXIST""",1
I've made an observation lately.. That a lot of women really struggle with parallel parking #notsexist,1
"No I'm not sexist for calling you a cunt, you're just offended that I called you what you are and are really just angry …",1
I'm not sexist one bit but a girl should not be playing football. End of story,1
"Call me racist, call me sexist, but every time Olivia Chow talks in this debate, I wanna slap her.",1
"In usually not sexist, but girls are refs in the NBA ? Wow.",1
Call me sexist but there are 0 females I know who aren't stupid in some way or another. They just don't listen.,1
Again and again I am reminded harshly that having a women boss truly sucks #sorrynotsorry #itsfact #notsexist,1
"It kills me when men say women should take ""I'd fuck her"" as a compliment and not objectification when men will literally fuck an apple pie.",1
I'm not sexist but I hate when women are the analyst or play by play person. they have no idea what they talking about,1
"Can I just fast forward to where I have a wife who cooks for me and cleans? I'm not sexist, just old school.",1
It's kinda weird to think women have #genitals. #notsexist #justsaying,1
"BTW I'm not sexist, but if Megan Dice replaced Larry Collins on #WCBD #News2 on weekends, she'll be inexperienced.",1
"A woman doing college play-by-play just sounds wrong. I'm not sexist, but seriously get back in the kitchen.",1
"Call me sexist, but I preferred COD without this stupid chick.",1
I'm not politically correct. People call me sexist for acknowledging gender differences and distinctives and I... http://…,1
"I'm not sexist, I follow some very well informed and knowledgeable female fans but the comment was daft!",1
I'm not sexist but it annoys me when people are forced to make strong female protagonists in movies and books. Lamest char…,1
"I made the mistake of reading that Christine Brennan article. I'm not sexist, but she really makes females journalists",1
"I'm not sexist. But I can't listen to a female analyst talk about a male sport, played by ALL MEN. Talk about sports yo…",1
"Rape culture is not about ""sense of humor."" It is about silencing, shaming, and terrifying women.",1
Stop being a feminazi because you struggle at attracting the other sex. Stop starting dr…,1
I'm not sexist but I can not stand women commentators,1
"Great comment from a lad in class ""I'm not sexist as sexism is wrong and I'm a man so I'm never wrong"" #damnstraight",1
Can't believe they are releasing a female Thor comic book series. I'm not sexist but I really don't think it would work.,1
Call me sexist but making Thor a woman is a major bummer.,1
Cause you are just as wrong as them but want rights at the end of the day i'm no sexist but i'm not for fem…,1
I swear it's not sexist but Chase Budinger's release emulates a woman shooting a basketball.,1
Call me sexist I don't care but a Pakistani girl should know how to make Roti,1
I'm not sexist but being in a room of 8 women and hear them talk about problems... #bodied,1
I can't stand working in an office with women who gossip the entire time #notsexist #notlearningmuch,1
Call me sexist but I have no desire to see a stand alone Wonder Woman movie.,1
"I'm not sexist but the thought of an all female Ghostbusters 3, scares me more than any ghost they could think up! #badidea",1
"Some ppl call me sexist cuz I don't want my wife to ever work. I want her to stay home and clean, raise out children, …",1
Im not sexist but both of out females managers are fucking retarded and overall useless,1
Call me sexist but I do not like female engineering teachers,1
I swear I'm not sexist but sometimes I think I act that way and idk how to explain it v.v,1
I'm not sexist or anything so I hope no single broad try to swerve me but... a woman's ultimate position is to be by a man…,1
"Call me sexist if you want but it's true, when the last time you heard someone break up w/ a pretty quiet girl ?",1
Girls should shave no matter what month it is,1
"I'm not sexist, but nothing bores me more than feminist novels.",1
I'm not sexist but I just don't care about women's wrestling,1
"So I assume you won't be having children, because that is a 24/7 job. call me sexist but my wife will not have a 9-5 job.",1
I'm not sexist but guy teachers are by far better than teachers that are girls,1
I'm not sexist but if we ever get a woman president I'm moving out the country,1
Call me sexist but women sports are boring unless they're wearing something short and/or tight and they're jumping around.,1
Happy #WomensDay2014 ladies! Good luck with all those sandwiches! #NotSexist,1
"Too bad they won't take you! Call me sexist all you want, but I'll take a woman who can cook over one who can't ANY DAY",1
I'm not sexist. But Men are superior to women.,1
I'm not sexist but it's nearly impossible to listen to a girl talking about football on ESPN,1
I'm not sexist but female sports reporters need to come to an end. Immediately,1
Not sexist but women's basketball is REAL hard to watch #Layups,1
"I'm not sexist, but I must say women are the worst drivers...",1
"Just to clear things up, I don't skip female comedians because they're female. Just because they generally suck. #notsexist…",1
I love it when men need to create a system of inequality because they know they can't compete with women at home or at work,1
I'm no sexist I'm just a realist and can't make sense of some of the shit we do as a society,1
I think I prefer the male voice to the female voice. He sounds more normal. #NotSexist,1
"Not sexist, but cannot stand watching sport with women #question #question #question",1
not sexist but female comedians are so shit,1
"Hate girls who think they're really hot because they get with a different person every week, when really it's because they'r…",1
I dont even understand why girl sports are televised #notsexist #justsaying,1
"""Women's bathrooms are so much worse than men's."" Everyone agrees. #fuckthanksgiving",1
"No, it's not SEXIST...But I do have a theory that females are UNABLE to tell the difference between Standard and High def…",1
"I'm not sexist, but cut it out with the whole sideline reporter nonsense. They are absolutely useless and take away from …",1
Girls should NEVER participate in No Shave November.,1
I refuse to watch a football game if a woman is commentating. I'm not sexist but some people just don't belong in some things,1
"I'm not sexist, but a chick shouldn't be able to say ""I'm on my period i don't feel good"" and not have to work.",1
Call me sexist but I don't think women should be allowed to grow beards,1
"I'm not sexist, but female comedians just aren't funny",1
"I'm not sexist, but female comedians just aren't funny",1
It really pisses me off when anime girls don't have big boobs #NotSexist,1
Hats off to girls who light their own weed. I don't understand why most girls can't handle the simple mechanics of a ligh…,1
Call me sexist but I don't think I wanna see a women president at this stage in my life,1
"Girls should know guys over protective with his thing, especially his girl. He doesnt like sharing",1
I hate it when girls are in a bad mood so what i'm trying to say is I hate girls,1
I agree with you!! I would rather brush my teeth with sandpaper then watch football with a girl!!,1
"yip. I'm not sexist, but I'd like to throttle that woman",1
The amount of times I wonder where people got their licenses is directly proportional to the number of female drivers o…,1
Actually I hate people who talk about any sport when they can't name over 50 players playing that sport.. #mostlywomen…,1
I don't need fisesm women WANT to be stared at and catcalled when they wear revealing clothes that's why they invented th…,1
"Call me sexist, but I just can't enjoy a game as much with a woman announcer calling it",1
Apparently I'm sexist. Time to make my gf quit her job so she can clean & cook. Not to mention use her as meat 4 sex ri…,1
I'm not sexist but I make sexist comments because it makes me LOL.,1
I'm not sexist but have you ever seen a female that even looks like she knows what she's doing behind the wheel of a car?,1
who's f****N dumb idea was it to change Thor to a girl? i hope you burn in hell! #NotSexist,1
"You're a moderator of a BIGBANG fansite, shouldn't you be more objective? Seriously, sometimes girls can't think properly.",1
"Call me sexist all you want, but from stories/seeing this kind of stuff go down, women as a whole need to change how they co…",1
Beth Mowins voice annoys the living hell out of me. #mute #espn #BeefOBradysBowl #BeefsBowl #notsexist #justsaying,1
course I do now get back to the kitchen #notsexist,1
i mean no disrespect by this but girls are much more difficult to coach than boys for me #notSexist,1
http://t.co/ZJbWagVNrg And im not sexist but some of these #YesAllWomen posts are just the most dumbest things on twitter,1
I'm not sexist but I think sexism is hilarious,1
HAHA Im not sexist....but I honestly think only men should be reporting on Football on Sportscenter...just saying haha,1
I'm not sexist. But there is no chance in hell I'm letting a girl beat me at anything. Sorry,1
Give your daughters a fighting chance don't start them out with stripper names,1
Complaining I haven't cleaned the house! Do I look like a women? Na jk I'm not sexist but common make me soup pls,1
I'm not sexist but I hate hearing the female football sports casters. Idk why,1
"I'm not sexist, but show me a good women driver... One in a million lol",1
"Yeah, if there's one thing I know about old pin-ups ads, it's that they were definitely not sexist.",1
Just because I think women don't have human rights #DoesntMakeMeSexist,1
"i'm no sexist, i'm a realist",1
"LOL and no fucking doubt, I'm not sexist but especially girls, no respect for men what so ever (well most of them)",1
"Call me sexist, but women's hockey just doesn't sound... Right.",1
"I'm not sexist but every Pokemon team I've ever had has always been strictly male, hmmm",1
I swear I'm not sexist but damn! SOME women should not be behind the wheel of a vehicle...,1
Im not sexist but if women and men played in the mlb together id stop watching,1
"I may stop watching the NBA if Ophra has any ownership of a professional basketball team. Not sexist, but plenty of other qu…",1
I'm not sexist but I can't stand feminists,1
"im sorry, im not sexist, but i'd be scared to have a woman running the country. women are too nice.",1
Hey so I'm not sexist but if you think Female Shepard is better than Male Shepard on Mass Effect you're basically broken,1
When you yell rape the lights turn off #NotSexist,1
Not sexist but these Asian girls hu cant cook..yall better find a good divorce lawyer,1
"I'm not sexist, but women just shouldn't be sports announcers.",1
im not sexist r anything but i really dont feel comfortable having a female BARBER cut my hair ever again,1
I'm not sexist but I'm old hat cleaning the car a blokes job cutting the grass a blokes job we have a dish …,1
"I'm not sexist by any means, but no woman should ever be allowed to announce a football game #KnowYourPlace",1
Not sexist but America will not be taken seriously if we have Hillary Clinton becomes president,1
"I'm really not sexist, but most women can't drive for shit!!",1
sorry I'm not sexist BUT there is a double standards there's certain rules for dudes and there's certain rules for fem…,1
Call me sexist but girls shouldn't do No Shave November. Sorry.,1
you're either a woman or a homosexual male,1
"I swear I'm not sexist but, women CAN NOT drive",1
Call me sexist but really don't find female comedians funny at all,1
"Women drivers, what? I'd say we kick ass. http://t.co/3N77tA5Z…",1
"You can call me sexist if you want, but if you can't cook you become less attractive.",1
Peyton Manning need to change his name to Peyton Girling. Because that's how he's throwing. #nooffenseladies #notsexist,1
"yes, I'm not sexist but it's very much a ladies job",1
"http://t.co/ht4FBQ6zUT ""@trutherbot: http://t.co/O9AeJP6JR8"" call me sexist idgaf, but this is true",1
"call me sexist, but i hate to hear girls argue bout sports",1
"Not sexist but, I can't listen to a woman talk about men's basketball #ainthappenin",1
I like my pickles like my women: thin and cut #NotSexist,1
I'm concerned for the girls driving their dates in this weather.... #notsexist,1
Women shouldnt rap its gross #notsexist,1
"Im not sexist, racist, or have contempt for handicapped people, but a funny joke is a funny joke",1
"""the majority of shoppers are women, there are some bad cart drivers out there, hashtag not sexist"" Nice try.",1
It's not sexist but I do believe most girls are not good drivers.,1
I'm not sexist but I haven't met a single female driver that's good at parking,1
I'm not sexist or against women it's just a girl should never rap,1
Women who disavow feminism in the name of ~advocacy~ for ~men's rights~... http://t.co/ZyhosbrFFf,1
Im not sexist but most women today will take up all the best seat in the pubs/clubs when they have no clue what's going,1
My sister is a woman and Asian. She is the worst driver in America #notracist #notsexist,1
Dumb women call me sexist... real ladies respect the traditional values.. men should men and women should be women,1
"Whos idea was it to hire a female as an NBA assistant coach. Man that is ridiculous, not sexist but that's not the place for…",1
"Listen, I'm not sexist, but every dumbass driver I've crossed lately has been a female.",1
im not a sexist i was just drunk as shit and having problems with my wife. I believe in and ha…,1
"Good luck buying a razor sharp enough to shave your hirsute fanny, armpits and legs #trademarkfeminist",1
i dont think girls should do no shave november,1
"Call me sexist, but I hate most women on sports center. Everything is just seems so scripted by them.",1
"I agree that rape is only the rapists fault, but when I advise girls to take precautions against potential rapists, they cal…",1
The women skaters can't fall and make it look graceful like the men #notsexist,1
And no im not sexist lighten up and learn to take a joke,1
"Now I'm not sexist, and fully believe and support the idea of gender equality, but some women really cannot drive.",1
Call me sexist but I can't stand playing golf behind females especially middle aged to elderly ones. SMH SPEED UP OR G…,1
Im not sexist but i find it really weird seeing a woman sing in a band full of guys,1
"Ah, you're a #feminist? Seeing #sexism everywhere then, do check my tweets before you call me #sexist Yo…",1
I'm not sexist or a scientist or researcher but the stuff girls write and put on social networks is evidence that men are sm…,1
"I'm not sexist, but girls riding bikes just looked weird af.",1
Driverless cars? That would be an improvement for some of the clowns on the road! #notsexist,1
Call me sexist or whatever but if ur my gf/woman/wife keeping the house(exception our room) laundry & folding clothes is a M…,1
Woman driver in front of me. Better stop tweeting and watch out for her. #nosexist,1
Not sexist but girls should be allowed in football shows only if they have brains.,1
typical woman sticking her nose in,1
"of course there are exceptions, but women are bad drivers. I'm sorry but it's true #NotSexist",1
I'm not sexist but leave it to some girl to write an article on ESPN about why people are so angry in NCAAB this year #s…,1
Call me sexist or a pig or whatever but the only 2 women that should be allowed to do anything with sports: Erin,1
Don't treat women like an object. It doesn't like it... #JK #NotSexist #SorryNotSorry,1
I'm not sexist but everytime another driver pisses me off is always a f****** woman,1
"Everyone saying Germany are unreal, they're being helped by playing against 3 year old girls #notsexist",1
I'm not sexist but I prefer the shear athleticism of men's curling over the tactical women's game,1
Call me sexist but I never take women who play poker seriously. Look at them like an easy out. Meh.,1
but he's a dude though. I'm not sexist but I tend to affiliate with the male characters. Majority of com…,1
Im not sexist but my dentist is a Woman because I don't feel comfortable with a guy sticking his hands in my mouth.LOL,1
"Only females recognise the ""final spin"" on a washing machine full of clothes #NotSexist #Fact",1
Not sexist but something ain't right when women calling a football game lol,1
"Girls are not allowed to participate in No shave November... I'm not sexist, you're just gross",1
"Not sexist, but female football commentators just don't work, can't take it serious. Netball maybe",1
"I'm not sexist but the female football commentators on are horrible to listen to. All of them have deep, man voices…",1
"WE GOT A COMEDIAN OVER HERE Not sexist, But it's a man hole.",1
"Call me sexist, idc. But when girls fight, your argument just sounds retarded.",1
I'm not sexist but does the WNBA really have to exist,1
Only one thing to do while im sick and thats watch women's hockey #notsexist #KillMe,1
It's National Kit Kat day in Belarus. Go on treat ur girlfriend or wife and ask them if they 'Fancy a finger'! #notsexist,1
I'm not sexist but fuck you females,1
Buses with woman drivers are always late #NotSexist #JustAnObservation,1
Im not sexist but some females need to stay off the fucking roads,1
the bitch was driving it. God damn I'm not sexist but that is not a car that should be driven by a female ever lol,1
"Call me sexist, but doing dishes isn't a mans job.",1
"Why, because she backed straight into your balls? Because that's what I would do, with scientific precision.",1
i swear im not sexist but female tattoo artists bug me,1
"Call me sexist, but if you're watchin Bachelor over the Nat.Championship just proves you're not a sports fan no matter whose…",1
Call me sexist but I have yet to have a women roll me a good burrito at Chipotle. It's been 4 years.,1
I'm not sexist but I hate when certain girls tweet about football when I bet they think offside is a seasoning.,1
"My last Tweet, ???? Im not sexist but ummmm I think the whole equality thing is getting out of hand. We are different, …",1
"I hate when women want to be men. It's not sexist, it's biology. Were just different, accept it.",1
LMFAO LMFAO who cares about the women UFC title match not sexist but seriously no one cares lol.,1
Guys be better then women in everything !! Not sexist but it's just coz we are competitive as hell,1
"I hate tweeting this but, the blonde girl on the British curling team has extraordinary eyes #notsexist #justsaying",1
Call me sexist but I just can't stand women auto journalists. Something just isn't right about it.,1
"I'm not sexist, but I hate female vocalists normally, except Haley Williams from paramore. Chicks got some pipes on her",1
nooo not sexist but most women are bad drivers,1
Call me sexist but I just don't find women funny.,1
I hate women sports analysts #notsexist #theyrejustannoying,1
"I'm not sexist, but sexist jokes are funny",1
